Name,Parent,Size,Up to date,Usage,Architecture,Stable,Lightweight,price
2XOS,Debian,270,Discontinued,Desktop Computing,i386,Discontinued,no,free
3CX,Debian,270,Discontinued,Desktop Computing,i386,Discontinued,no,free
4MLinux,Ind,1300,23/07/28,Maintenance multimedia,x86/x64,Yes,no,free
64 Studio,,,,,,,,
Absolute,Slackware,2700,23/08/16,,x86/x64,yes,yes,free
AbulÉdu,,,,,,,,
AcademiX,Debian,1600,21/10/10,Education,x86/x64,yes,no,free
Adamantix,,,,,,,,
ADIOS,,,,,,,,
AgiliaLinux,,,,,,,,
AGNULA,,,,,,,,
AiO,,,,,,,,
Aleader,,,,,,,,
Alinex,,,,,,,,
aLinux,,,,,,,,
AliXe,,,,,,,,
AlmaLinux,Fedora,8900,23/05/10,enteprise ,x86/x64,yes,no,free
Alpine,Ind.,900,23/09/28,routers/vpn,x86/x64,yes,no,free
ALT,Mandrake,8000,22/11/16,enteprise ,x86/x64,yes,no,free
Amarok Live,,,,,,,,
Amber,,,,,,,,
Anarchy,,,,,,,,
Android-x86,,,,,,,,
Ankur Bangla,,,,,,,,
Annvix,,,,,,,,
AnNyung,,,,,,,,
Anonym.OS,,,,,,,,
ANTEMIUM,,,,,,,,
Antergos,,,,,,,,
antiX,Debian,1700,23/08/27,enterprise,x86/x64,yes,yes,free
Antomic,,,,,,,,
APODIO,,,,,,,,
Apricity,,,,,,,,
aptosid,,,,,,,,
Arabbix,,,,,,,,
Arabian,,,,,,,,
Arch,Ind,350,23/11/07,enterprise,x86/x64,yes,no,free
ArchBang,Arch,1000,22/01/24,enterprise,x86/x64,yes,yes,free
Archcraft,Arch,2400,23/07/05,enterprise,x86/x64,yes ,no,free
ArcheOS,Arch,2800,23/06/03,enterprise,x86/x64,yes,no,free
Archie,Arch,,,,x86/x64,,,
ArchLabs,Arch,,,,x86/x64,,,
Archman,Arch,,,,x86/x64,,,
ArchStrike,,,,,,,,
ArcoLinux,Arch,2500,23/06/29,enterprise,x86/x64,yes,no,free
Ares,,,,,,,,
AriOS,,,,,,,,
Ark,,,,,,,,
arkOS,,,,,,,,
Armbian,Debian,1900,23/05/31,ARM Dev,x86/x64,yes,no,free
ArtistX,,,,,,,,
Artix,Arch,1700,23/08/14,enterprise,x86/x64,yes,yes,free
Arudius,,,,,,,,
Arya,,,,,,,,
AsianLinux,,,,,,,,
Asianux,,,,,,,,
ASLinux,,,,,,,,
ASPLinux,,,,,,,,
Asturix,,,,,,,,
Athena,Arch,2600,23/06/23,penetration testing,x86/x64,yes,no,free
Athene,,,,,,,,
ATmission,,,,,,,,
Atomix,,,,,,,,
Audiophile,,,,,,,,
Augustux,,,,,,,,
Aurora,,,,,,,,
Aurora SPARC,,,,,,,,
Aurox,,,,,,,,
AUSTRUMI,,,,,,,,
AV Linux,Debian,4000,23/01/30,audo/production,x86/x64,yes,no,free
BackBox,Debian,4000,23/01/30,penetration testing,x86/x64,yes,no,free
BackSlash,,,,,,,,
Baltix,,,,,,,,
Bardinux,,,,,,,,
Baruwa,,,,,,,,
Batocera,,,,,,,,
Bayanihan,,,,,,,,
BeaFanatIX,,,,,,,,
BeakOS,,,,,,,,
BearOps,,,,,,,,
BeatrIX,,,,,,,,
Bedrock,,,,,,,,
Bee,,,,,,,,
BEE free,,,,,,,,
Beehive,,,,,,,,
BEERnix,,,,,,,,
BeleniX,,,,,,,,
Bella,,,,,,,,
Berry,,,,,,,,
Biadix,,,,,,,,
Bicom,,,,,,,,
BigLinux,,,,,,,,
BinToo,,,,,,,,
Bio-Linux,,,,,,,,
BioBrew,,,,,,,,
Bioknoppix,,,,,,,,
BitKey,,,,,,,,
Black Lab,,,,,,,,
BlackArch,,,,,,,,
blackPanther,,,,,,,,
BlackRhino,,,,,,,,
BLAG,,,,,,,,
BlankOn,,,,,,,,
blendOS,,,,,,,,
Blin,,,,,,,,
Blue,,,,,,,,
Blue Point,,,,,,,,
BlueOnyx,,,,,,,,
Bluestar,,,,,,,,
Bluewall,,,,,,,,
Bluewhite,,,,,,,,
Bodhi,,,,,,,,
Bonzai,,,,,,,,
BOSS,,,,,,,,
Boten,,,,,,,,
Br OS,,,,,,,,
Bridge,,,,,,,,
BRLix,,,,,,,,
BrlSpeak,,,,,,,,
BSDanywhere,,,,,,,,
BSDRP,,,,,,,,
BU Linux,,,,,,,,
Buffalo,,,,,,,,
BunsenLabs,,,,,,,,
Burapha,,,,,,,,
BYO,,,,,,,,
ByzantineOS,,,,,,,,
CachyOS,,,,,,,,
CAELinux,,,,,,,,
CAINE,,,,,,,,
Caixa Mágica,,,,,,,,
Calculate,,,,,,,,
Canaima,,,,,,,,
Caos,,,,,,,,
Càtix,,,,,,,,
CCux,,,,,,,,
CDlinux,,,,,,,,
CensorNet,,,,,,,,
CentOS,,,,,,,,
Centrych,,,,,,,,
Chakra,,,,,,,,
ChaletOS,,,,,,,,
Chapeau,,,,,,,,
Chinese 2000,,,,,,,,
Chitwanix,,,,,,,,
CLE,,,,,,,,
Clear,,,,,,,,
ClearOS,,,,,,,,
Clonezilla,,,,,,,,
ClonOS,,,,,,,,
CloudReady,,,,,,,,
Clu,,,,,,,,
Clusterix,,,,,,,,
clusterKNOPPIX,,,,,,,,
Co-Create,,,,,,,,
Cobind,,,,,,,,
College,,,,,,,,
Comfusion,,,,,,,,
Commodore,,,,,,,,
Condorux,,,,,,,,
Condres,,,,,,,,
Conectiva,,,,,,,,
Connochaet,,,,,,,,
Container,,,,,,,,
Cool,,,,,,,,
Core,,,,,,,,
Corel,,,,,,,,
Coyote,,,,,,,,
CPUBuilders,,,,,,,,
CROWZ,,,,,,,,
CrunchBang,,,,,,,,
Crunchbangplusplus,,,,,,,,
CRUX,,,,,,,,
CTKArch,,,,,,,,
Cub,,,,,,,,
Cucumber,,,,,,,,
Damn Small,,,,,,,,
DANIX,,,,,,,,
Daphile,,,,,,,,
DARKSTAR,,,,,,,,
Debian,,,,,,,,
Debian Edu,,,,,,,,
Debris,,,,,,,,
DebXPde,,,,,,,,
Deep-Water,,,,,,,,
deepin,,,,,,,,
Defender,,,,,,,,
Definity,,,,,,,,
DEFT,,,,,,,,
DemoLinux,,,,,,,,
Descent|OS,,,,,,,,
DesktopBSD,,,,,,,,
Devil,,,,,,,,
Devuan,,,,,,,,
Diamond,,,,,,,,
DietPi,,,,,,,,
DigAnTel,,,,,,,,
Discreete,,,,,,,,
Dizinha,,,,,,,,
DNALinux,,,,,,,,
DoudouLinux,,,,,,,,
Draco,,,,,,,,
DragonFly,,,,,,,,
Dragora,,,,,,,,
DRBL,,,,,,,,
Dreamlinux,,,,,,,,
DreamStudio,,,,,,,,
DuZeru,,,,,,,,
DVL,,,,,,,,
Dynasoft,,,,,,,,
dyne:bolic,,,,,,,,
DynFi,,,,,,,,
Dzongkha,,,,,,,,
Eadem,,,,,,,,
Eagle,,,,,,,,
eAR OS,,,,,,,,
EasyNAS,,,,,,,,
EasyOS,,,,,,,,
EasyPeasy,,,,,,,,
easys,,,,,,,,
Edubuntu,,,,,,,,
eduKnoppix,,,,,,,,
EduLinux,,,,,,,,
Ehad,,,,,,,,
Ekaaty,,,,,,,,
Elastix,,,,,,,,
eLearnix,,,,,,,,
Element,,,,,,,,
elementary,,,,,,,,
Elive,,,,,,,,
elpicx,,,,,,,,
ELX,,,,,,,,
Emmabuntüs,,,,,,,,
EndeavourOS,,,,,,,,
Endian,,,,,,,,
Endless,,,,,,,,
EnGarde,,,,,,,,
Enso,,,,,,,,
Epidemic,,,,,,,,
Eridani,,,,,,,,
ERPOSS,,,,,,,,
Estrella Roja,,,,,,,,
ESUN,,,,,,,,
ESware,,,,,,,,
EuroLinux,,,,,,,,
Euronode,,,,,,,,
EvilEntity,,,,,,,,
Evinux,,,,,,,,
Exe,,,,,,,,
Exherbo,,,,,,,,
ExTiX,,,,,,,,
eZeY,,,,,,,,
EzPlanet One,,,,,,,,
Fatdog64,,,,,,,,
FaunOS,,,,,,,,
Feather,,,,,,,,
Featherweight,,,,,,,,
Fedora,,,,,,,,
Feren,,,,,,,,
Fermi,,,,,,,,
Finnix,,,,,,,,
FIRE,,,,,,,,
Firefly,,,,,,,,
Flash,,,,,,,,
Flonix,,,,,,,,
Fluxbuntu,,,,,,,,
Foresight,,,,,,,,
FoRK,,,,,,,,
ForLEx,,,,,,,,
FoX Desktop,,,,,,,,
FreeBSD,,,,,,,,
FreedomBox,,,,,,,,
Freedows,,,,,,,,
Freeduc,,,,,,,,
Freeduc-Sup,,,,,,,,
FreePBX,,,,,,,,
Freepia,,,,,,,,
FreeSBIE,,,,,,,,
Freespire,,,,,,,,
Frenzy,,,,,,,,
Frugalware,,,,,,,,
FTOSX,,,,,,,,
Fuduntu,,,,,,,,
FuguIta,,,,,,,,
Funtoo,,,,,,,,
FuryBSD,,,,,,,,
Fusion,,,,,,,,
Garuda,,,,,,,,
Gecko,,,,,,,,
GeeXboX,,,,,,,,
Gelecek,,,,,,,,
GenieOS,,,,,,,,
Gentoo,,,,,,,,
GentooTH,,,,,,,,
Gentoox,,,,,,,,
GEOLivre,,,,,,,,
GhostBSD,,,,,,,,
Gibraltar,,,,,,,,
Ging,,,,,,,,
GnackTrack,,,,,,,,
gNewSense,,,,,,,,
GNIX,,,,,,,,
GNOBSD,,,,,,,,
Gnoppix,,,,,,,,
gNOX,,,,,,,,
GNUstep,,,,,,,,
GoboLinux,,,,,,,,
gOS,,,,,,,,
GParted,,,,,,,,
Grafpup,,,,,,,,
Granular,,,,,,,,
Greenie,,,,,,,,
Grml,,,,,,,,
Guadalinex,,,,,,,,
Guix System,,,,,,,,
GuLIC-BSD,,,,,,,,
h3knix,,,,,,,,
Haansoft,,,,,,,,
Hacao,,,,,,,,
Haiku,,,,,,,,
Hakin9,,,,,,,,
Hamara,,,,,,,,
HamoniKR,,,,,,,,
Hancom,,,,,,,,
HandyLinux,,,,,,,,
Hanthana,,,,,,,,
Happy,,,,,,,,
Happy Mac,,,,,,,,
HardenedBSD,,,,,,,,
Haydar,,,,,,,,
heads,,,,,,,,
Hedinux,,,,,,,,
Helix,,,,,,,,
hellosystem,,,,,,,,
Heretix,,,,,,,,
Hikarunix,,,,,,,,
HispaFuentes,,,,,,,,
HKLPG,,,,,,,,
Holon,,,,,,,,
Honeywall,,,,,,,,
How-Tux,,,,,,,,
HP Secure,,,,,,,,
Hubworx,,,,,,,,
Hybryde,,,,,,,,
Hymera,,,,,,,,
Hyperbola,,,,,,,,
iBox,,,,,,,,
Icepack,,,,,,,,
Ichthux,,,,,,,,
IDMS,,,,,,,,
Igelle,,,,,,,,
Ignalum,,,,,,,,
iMagic,,,,,,,,
Imagineos,,,,,,,,
Immunix,,,,,,,,
Impi,,,,,,,,
IndLinux,,,,,,,,
Inquisitor,,,,,,,,
INSERT,,,,,,,,
Insigne,,,,,,,,
IPCop,,,,,,,,
IPFire,,,,,,,,
iQunix,,,,,,,,
JackLab,,,,,,,,
JAMD,,,,,,,,
JBLinux,,,,,,,,
Jibbed,,,,,,,,
JingOS,,,,,,,,
Joli OS,,,,,,,,
JoLinux,,,,,,,,
Jollix,,,,,,,,
Julex,,,,,,,,
JUSIX,,,,,,,,
K12Linux,,,,,,,,
kademar,,,,,,,,
Kaella,,,,,,,,
KahelOS,,,,,,,,
Kaisen,,,,,,,,
Kalango,,,,,,,,
Kali,,,,,,,,
KANOTIX,,,,,,,,
KaOS,,,,,,,,
Karamad,,,,,,,,
Karoshi,,,,,,,,
KateOS,,,,,,,,
KDE neon,,,,,,,,
Keysoft,,,,,,,,
Kinneret,,,,,,,,
KISS,,,,,,,,
Kiwi,,,,,,,,
Klax,,,,,,,,
Klikit,,,,,,,,
KlusTriX,,,,,,,,
kmLinux,,,,,,,,
knopILS,,,,,,,,
Knoppel,,,,,,,,
Knopperdisk,,,,,,,,
KNOPPIX,,,,,,,,
Knoppix 64,,,,,,,,
KnoppiXMAME,,,,,,,,
KnoSciences,,,,,,,,
Kodachi,,,,,,,,
KolibriOS,,,,,,,,
Komodo,,,,,,,,
Kondara,,,,,,,,
Kongoni,,,,,,,,
Kore,,,,,,,,
Korora,,,,,,,,
KRUD,,,,,,,,
Kubuntu,,,,,,,,
Kuki,,,,,,,,
Kumander,,,,,,,,
Kurumin,,,,,,,,
Kwheezy,,,,,,,,
Kwort,,,,,,,,
KXStudio,,,,,,,,
L.A.S.,,,,,,,,
Lakka,,,,,,,,
LAMPPIX,,,,,,,,
LASER5,,,,,,,,
LBA-Linux,,,,,,,,
Leeenux,,,,,,,,
Legacy,,,,,,,,
LFS,,,,,,,,
LG3D,,,,,,,,
LGIS,,,,,,,,
Liberté,,,,,,,,
Libranet,,,,,,,,
LibreELEC,,,,,,,,
LIIS,,,,,,,,
Linare,,,,,,,,
Lineox,,,,,,,,
LinEspa,,,,,,,,
LinEx,,,,,,,,
Linguas OS,,,,,,,,
LinHES,,,,,,,,
LinnexOS,,,,,,,,
Linpus,,,,,,,,
Linspire,,,,,,,,
Linux XP,,,,,,,,
Linux-EduCD,,,,,,,,
linuX-gamers,,,,,,,,
Linux+ Live,,,,,,,,
Linux4all,,,,,,,,
LinuxBBQ,,,,,,,,
LinuxConsole,,,,,,,,
Linuxfx,,,,,,,,
Linuxin,,,,,,,,
LinuxInstall,,,,,,,,
LINUXO,,,,,,,,
LinuxPPC,,,,,,,,
LinuxTLE,,,,,,,,
Linvo,,,,,,,,
Liquid Lemur,,,,,,,,
Lite,,,,,,,,
Litrix,,,,,,,,
Live Raizo,,,,,,,,
LiveCD Router,,,,,,,,
LiVux,,,,,,,,
Liya,,,,,,,,
LLGP,,,,,,,,
LliureX,,,,,,,,
LNX-BBC,,,,,,,,
LockBox,,,,,,,,
Loco,,,,,,,,
Lonix,,,,,,,,
LormaLinux,,,,,,,,
LRs,,,,,,,,
Lubuntu,,,,,,,,
Luinux,,,,,,,,
Luit,,,,,,,,
Luminux,,,,,,,,
Lunar,,,,,,,,
LuninuX,,,,,,,,
LXLE,,,,,,,,
Lycoris,,,,,,,,
m0n0wall,,,,,,,,
Mabox,,,,,,,,
Macpup,,,,,,,,
Madbox,,,,,,,,
Madeinlinux,,,,,,,,
Mageia,,,,,,,,
Magic,,,,,,,,
mAid,,,,,,,,
MakuluLinux,,,,,,,,
Mandows,,,,,,,,
Mandriva,,,,,,,,
Mangaka,,,,,,,,
Manjaro,,,,,,,,
Maryan,,,,,,,,
Masonux,,,,,,,,
Matriux,,,,,,,,
Maui,,,,,,,,
MAX,,,,,,,,
Mayix,,,,,,,,
MCNLive,,,,,,,,
Media Lab,,,,,,,,
MeeGo,,,,,,,,
MEPIS,,,,,,,,
Merdeka,,,,,,,,
Metamorphose,,,,,,,,
MidnightBSD,,,,,,,,
MIKO GNYO,,,,,,,,
MilaX,,,,,,,,
MiniNo,,,,,,,,
MINIX,,,,,,,,
Mint,,,,,,,,
MIRACLE,,,,,,,,
MirOS,,,,,,,,
MIZI,,,,,,,,
MLL,,,,,,,,
Moblin,,,,,,,,
Mockup,,,,,,,,
MoLinux,,,,,,,,
Momonga,,,,,,,,
Monomaxos,,,,,,,,
Monoppix,,,,,,,,
moonOS,,,,,,,,
MorpheusArch,,,,,,,,
Morphix,,,,,,,,
MoviX,,,,,,,,
MSC.Linux,,,,,,,,
MUMi,,,,,,,,
Munjoy,,,,,,,,
Murena,,,,,,,,
Muriqui,,,,,,,,
Murix,,,,,,,,
Musix,,,,,,,,
Mutagenix,,,,,,,,
MX Linux,,,,,,,,
Myah OS,,,,,,,,
myLinux,,,,,,,,
Myrinix,,,,,,,,
Mythbuntu,,,,,,,,
MythDora,,,,,,,,
N-iX,,,,,,,,
Namib,,,,,,,,
Nanolinux,,,,,,,,
Nasgaïa,,,,,,,,
Nature's,,,,,,,,
Navy,,,,,,,,
Navyn OS,,,,,,,,
Neat,,,,,,,,
NeoShine,,,,,,,,
NepaLinux,,,,,,,,
Neptune,,,,,,,,
NetBSD,,,,,,,,
NethServer,,,,,,,,
Netrunner,,,,,,,,
Netwosix,,,,,,,,
Nexenta,,,,,,,,
NexentaStor,,,,,,,,
Niigata,,,,,,,,
NimbleX,,,,,,,,
Nitix,,,,,,,,
Nitrux,,,,,,,,
NixOS,,,,,,,,
Nobara,,,,,,,,
NomadBSD,,,,,,,,
Nonux,,,,,,,,
NordisKnoppix,,,,,,,,
Nova,,,,,,,,
NST,,,,,,,,
nUbuntu,,,,,,,,
NuTyX,,,,,,,,
NuxOne,,,,,,,,
O-Net,,,,,,,,
OB2D,,,,,,,,
Obarun,,,,,,,,
OEone,,,,,,,,
OGo Knoppix,,,,,,,,
Ojuba,,,,,,,,
Olive,,,,,,,,
OliveBSD,,,,,,,,
OLPC,,,,,,,,
Omarine,,,,,,,,
Omoikane,,,,,,,,
Onebase,,,,,,,,
OpenBSD,,,,,,,,
OpenELEC,,,,,,,,
Openfiler,,,,,,,,
OpenGEU,,,,,,,,
OpenIndiana,,,,,,,,
OpenLab,,,,,,,,
OpenLX,,,,,,,,
openmamba,,,,,,,,
OpenMandriva,,,,,,,,
OpenMediaVault,,,,,,,,
OpenNA,,,,,,,,
OpenSolaris,,,,,,,,
openSUSE,,,,,,,,
Openwall,,,,,,,,
Ophcrack,,,,,,,,
OPNsense,,,,,,,,
Oracle,,,,,,,,
Oralux,,,,,,,,
OSGeoLive,,,,,,,,
OSMC,,,,,,,,
Otakux,,,,,,,,
Overclockix,,,,,,,,
OviOS,,,,,,,,
Oz Unity,,,,,,,,
OzOs,,,,,,,,
P!tux,,,,,,,,
PAIPIX,,,,,,,,
PakOS,,,,,,,,
paldo,,,,,,,,
PapugLinux,,,,,,,,
Parabola,,,,,,,,
Pardus,,,,,,,,
Pardus Topluluk,,,,,,,,
Parrot,,,,,,,,
Parsix,,,,,,,,
Parslinux,,,,,,,,
Parted Magic,,,,,,,,
PCLinuxOS,,,,,,,,
Peach OSI,,,,,,,,
Peachtree,,,,,,,,
Pear,,,,,,,,
Pearl,,,,,,,,
PelicanHPC,,,,,,,,
Penguin Sleuth,,,,,,,,
Pentoo,,,,,,,,
Peppermint,,,,,,,,
Pequelin,,,,,,,,
Peropesis,,,,,,,,
pfSense,,,,,,,,
Phaeronix,,,,,,,,
Phayoune,,,,,,,,
Phinx,,,,,,,,
PHLAK,,,,,,,,
Photon,,,,,,,,
PHP Sol,,,,,,,,
PiBang,,,,,,,,
Pidora,,,,,,,,
Pie Box,,,,,,,,
Pilot,,,,,,,,
Pingo,,,,,,,,
Pinguy,,,,,,,,
Pingwinek,,,,,,,,
Pioneer,,,,,,,,
Pisi,,,,,,,,
Plamo,,,,,,,,
Plan-B,,,,,,,,
PLD,,,,,,,,
Plop,,,,,,,,
Point,,,,,,,,
Polar Bear,,,,,,,,
PoliArch,,,,,,,,
Pop!_OS,,,,,,,,
Porteus,,,,,,,,
Porteus Kiosk,,,,,,,,
Poseidon,,,,,,,,
postmarketOS,,,,,,,,
pQui,,,,,,,,
PrimTux,,,,,,,,
Privatix,,,,,,,,
Progeny,,,,,,,,
Progex,,,,,,,,
Project dEv,,,,,,,,
Protech,,,,,,,,
Proxmox,,,,,,,,
Puppy,,,,,,,,
Puredyne,,,,,,,,
PureOS,,,,,,,,
Q4OS,,,,,,,,
QiLinux,,,,,,,,
Qimo,,,,,,,,
Qomo,,,,,,,,
Quantian,,,,,,,,
Qubes,,,,,,,,
Quirky,,,,,,,,
Rails Live,,,,,,,,
RancherOS,,,,,,,,
RaspBSD,,,,,,,,
RasPiOS,,,,,,,,
RasPlex,,,,,,,,
RAYS,,,,,,,,
RDS,,,,,,,,
ReactOS,,,,,,,,
RebeccaBlackOS,,,,,,,,
Rebellin,,,,,,,,
RebornOS,,,,,,,,
Recalbox,,,,,,,,
Red Flag,,,,,,,,
Red Hat,,,,,,,,
Red Office,,,,,,,,
Redcore,,,,,,,,
Redo,,,,,,,,
redWall,,,,,,,,
Refracta,,,,,,,,
Regata,,,,,,,,
Relianoid,,,,,,,,
RemixOS,,,,,,,,
REMnux,,,,,,,,
Resala,,,,,,,,
Rescatux,,,,,,,,
Rescuezilla,,,,,,,,
Resulinux,,,,,,,,
Revenge,,,,,,,,
Rhino,,,,,,,,
RIPLinuX,,,,,,,,
RISC,,,,,,,,
risiOS,,,,,,,,
rlxos,,,,,,,,
Robolinux,,,,,,,,
ROCK,,,,,,,,
Rocks Cluster,,,,,,,,
Rockstor,,,,,,,,
Rocky,,,,,,,,
RoFreeSBIE,,,,,,,,
ROOT,,,,,,,,
ROSA,,,,,,,,
ROSLIMS,,,,,,,,
rPath,,,,,,,,
RSS,,,,,,,,
Rubix,,,,,,,,
RUNT,,,,,,,,
Runtu,,,,,,,,
Sabayon,,,,,,,,
Sabily,,,,,,,,
SalentOS,,,,,,,,
Salient,,,,,,,,
SalineOS,,,,,,,,
Salix,,,,,,,,
Saluki,,,,,,,,
Salvare,,,,,,,,
SAMity,,,,,,,,
Santa Fe,,,,,,,,
Satux,,,,,,,,
SaxenOS,,,,,,,,
SchilliX,,,,,,,,
SCI.Linux,,,,,,,,
Scientific,,,,,,,,
SCO,,,,,,,,
Secure-K,,,,,,,,
Securepoint,,,,,,,,
SELKS,,,,,,,,
Semplice,,,,,,,,
SENTINIX,,,,,,,,
Sentry Firewall,,,,,,,,
Septor,,,,,,,,
Shabdix,,,,,,,,
Shark,,,,,,,,
SharkOS,,,,,,,,
Shift,,,,,,,,
siduction,,,,,,,,
Simplicity,,,,,,,,
Slackel,,,,,,,,
Slackintosh,,,,,,,,
Slackware,,,,,,,,
Slamd64,,,,,,,,
SLAMPP,,,,,,,,
Slavix,,,,,,,,
Slax,,,,,,,,
Slint,,,,,,,,
SliTaz,,,,,,,,
Slix,,,,,,,,
Slo-Tech,,,,,,,,
SLYNUX,,,,,,,,
SmartOS,,,,,,,,
SmartPeer,,,,,,,,
SME Server,,,,,,,,
Smoothwall,,,,,,,,
SMS,,,,,,,,
Snal,,,,,,,,
SNAPPIX,,,,,,,,
Snøfrix,,,,,,,,
Snowlinux,,,,,,,,
SoL,,,,,,,,
Solaris,,,,,,,,
Solus,,,,,,,,
SolusOS,,,,,,,,
SolydXK,,,,,,,,
Sonar,,,,,,,,
Sophos,,,,,,,,
Sorcerer,,,,,,,,
Source Mage,,,,,,,,
Soyombo,,,,,,,,
SparkyLinux,,,,,,,,
Spectra,,,,,,,,
SphinxOS,,,,,,,,
SpiralLinux,,,,,,,,
SprezzOS,,,,,,,,
Springdale,,,,,,,,
SquiggleOS,,,,,,,,
Stampede,,,,,,,,
Star,,,,,,,,
StartCom,,,,,,,,
StartOS,,,,,,,,
STD,,,,,,,,
SteamOS,,,,,,,,
Stella,,,,,,,,
Storm,,,,,,,,
StressLinux,,,,,,,,
STUX,,,,,,,,
Subgraph,,,,,,,,
SuliX,,,,,,,,
Sun JDS,,,,,,,,
Super Grub2,,,,,,,,
Super OS,,,,,,,,
SuperGamer,,,,,,,,
SuperRescue,,,,,,,,
SuperX,,,,,,,,
Suriyan,,,,,,,,
SUSE,,,,,,,,
SwagArch,,,,,,,,
Swecha,,,,,,,,
Swift,,,,,,,,
Syllable,,,,,,,,
SymphonyOS,,,,,,,,
SysLinuxOS,,,,,,,,
SystemRescue,,,,,,,,
T2,,,,,,,,
TA-Linux,,,,,,,,
Tablix,,,,,,,,
Tails,,,,,,,,
TalkingArch,,,,,,,,
Tanglu,,,,,,,,
Tango Studio,,,,,,,,
Tao,,,,,,,,
Taprobane,,,,,,,,
Tech,,,,,,,,
TENS,,,,,,,,
TFM,,,,,,,,
Thinstation,,,,,,,,
Thisk,,,,,,,,
Thiz,,,,,,,,
Tilix,,,,,,,,
Tiny Core,,,,,,,,
TinyMe,,,,,,,,
tinysofa,,,,,,,,
ToOpPy,,,,,,,,
Toorox,,,,,,,,
Topologilinux,,,,,,,,
ToriOS,,,,,,,,
Toutou,,,,,,,,
TPM,,,,,,,,
TrianceOS,,,,,,,,
Trident,,,,,,,,
Trinity,,,,,,,,
Trisquel,,,,,,,,
trixbox,,,,,,,,
Troppix,,,,,,,,
TrueBSD,,,,,,,,
TrueNAS,,,,,,,,
TrueOS,,,,,,,,
Trustix,,,,,,,,
Truva,,,,,,,,
TrX,,,,,,,,
Tugux,,,,,,,,
TumiX,,,,,,,,
TupiServer,,,,,,,,
Tuquito,,,,,,,,
Turbolinux,,,,,,,,
Turkix,,,,,,,,
TurnKey,,,,,,,,
TUXEDO,,,,,,,,
tuxtrans,,,,,,,,
U-lite,,,,,,,,
UberStudent,,,,,,,,
UBOS,,,,,,,,
UBports,,,,,,,,
Ubuntu,,,,,,,,
Ubuntu Budgie,,,,,,,,
Ubuntu Christian,,,,,,,,
Ubuntu Cinnamon,,,,,,,,
Ubuntu DP,,,,,,,,
Ubuntu GNOME,,,,,,,,
Ubuntu Kylin,,,,,,,,
Ubuntu MATE,,,,,,,,
Ubuntu Rescue,,,,,,,,
Ubuntu Studio,,,,,,,,
Ubuntu Unity,,,,,,,,
Ufficio Zero,,,,,,,,
UHU-Linux,,,,,,,,
Ulteo,,,,,,,,
Ultima,,,,,,,,
Ultimate,,,,,,,,
Ultramarine,,,,,,,,
Underground,,,,,,,,
United,,,,,,,,
Unity,,,,,,,,
Univention,,,,,,,,
Untangle,,,,,,,,
uOS,,,,,,,,
URIX,,,,,,,,
Uruk,,,,,,,,
Userful,,,,,,,,
UserLinux,,,,,,,,
UTUTO,,,,,,,,
Vanilla,,,,,,,,
VAST,,,,,,,,
Vector,,,,,,,,
VenenuX,,,,,,,,
Venom,,,,,,,,
VideoLinux,,,,,,,,
Vine,,,,,,,,
Vinux,,,,,,,,
Virtual,,,,,,,,
ViruX,,,,,,,,
VLOS,,,,,,,,
VMKnoppix,,,,,,,,
VNLinux,,,,,,,,
Void,,,,,,,,
Voltalinux,,,,,,,,
Volumio,,,,,,,,
Voodoo,,,,,,,,
VortexBox,,,,,,,,
Voyager,,,,,,,,
Vyatta,,,,,,,,
VyOS,,,,,,,,
VzLinux,,,,,,,,
wattOS,,,,,,,,
Wazobia,,,,,,,,
Webconverger,,,,,,,,
WHAX,,,,,,,,
White Box,,,,,,,,
Whonix,,,,,,,,
WIENUX,,,,,,,,
Wifislax,,,,,,,,
WinBi,,,,,,,,
WM Live,,,,,,,,
Wolvix,,,,,,,,
WOMP!,,,,,,,,
WOW,,,,,,,,
X-Evian,,,,,,,,
X/OS,,,,,,,,
Xandros,,,,,,,,
Xarnoppix,,,,,,,,
XeroLinux,,,,,,,,
Xfld,,,,,,,,
XigmaNAS,,,,,,,,
xPUD,,,,,,,,
XStreamOS,,,,,,,,
Xteam,,,,,,,,
Xubuntu,,,,,,,,
Yellow Dog,,,,,,,,
YES,,,,,,,,
Yoper,,,,,,,,
YunoHost,,,,,,,,
Zen,,,,,,,,
Zencafe,,,,,,,,
ZENIX,,,,,,,,
Zentyal,,,,,,,,
Zenwalk,,,,,,,,
Zephix,,,,,,,,
ZerahStar,,,,,,,,
Zeroshell,,,,,,,,
Zeus,,,,,,,,
Zevenet,,,,,,,,
ZevenOS,,,,,,,,
ZoneCD,,,,,,,,
Zopix,,,,,,,,
Zorin,,,,,,,,
